福島県伊達郡桑折町大字北半田西ノ内,0
秋田県鹿角市花輪百合沢,0
三重県桑名市筒尾六丁目,0
北海道旭川市神楽四条九丁目,0
愛知県知多郡南知多町大字内海中浜,0
愛知県あま市七宝町沖之島九之坪,0
福島県郡山市三穂田町八幡兵次郎,0
京都府京都市北区上賀茂朝露ケ原町,0
岩手県北上市和賀町煤孫十六地割,0
福島県いわき市平中平窪桂進,0
愛知県安城市城ヶ入町荒子,0
京都府京都市北区衣笠西御所ノ内町,0
北海道旭川市九条通二十二丁目,0
愛知県知多郡阿久比町大字草木草石根,0
岩手県胆沢郡金ケ崎町西根小針山,0
北海道白糠郡白糠町東三条北十一丁目,0
福島県郡山市田村町上行合宮耕地,0
愛知県知多市佐布里西之脇,0
岩手県大船渡市立根町寒風,0
京都府宇治市琵琶台三丁目,0
兵庫県朝来市和田山町東谷妙見谷,0
埼玉県越谷市越ヶ谷五丁目,0
愛知県刈谷市港町七丁目,0
愛知県丹羽郡大口町丸一丁目,0
北海道紋別郡興部町字興部春日町,0
愛知県知多郡南知多町大字大井丘ノ下,0
北海道士別市東四条北四丁目,0
愛知県豊橋市賀茂町塞神,0
奈良県生駒郡斑鳩町興留二丁目,0
愛知県岡崎市中町東丸根,0
石川県能美市末信町ホ,0
秋田県横手市増田町亀田柳原,0
宮城県亘理郡山元町高瀬北中須賀,0
石川県珠洲市上戸町寺社ハ,0
愛知県一宮市千秋町一色屋敷地,0
北海道網走市駒場南三丁目,0
北海道岩見沢市七条東三丁目,0
北海道石狩市花川東一条三丁目,0
奈良県奈良市六条西三丁目,0
福島県相馬郡新地町大字福田一ツ滝,0
岩手県宮古市八木沢三丁目,0
宮城県伊具郡丸森町舘矢間松掛窪田,0
兵庫県朝来市和田山町竹田川原町,0
北海道北見市北八条西一丁目,0
北海道旭川市豊岡一条七丁目,0
北海道雨竜郡沼田町本通五丁目,0
広島県世羅郡世羅町大字小国,0
愛知県一宮市今伊勢町宮後壱丁野,0
兵庫県神戸市中央区栄町通七丁目,0
兵庫県神戸市北区有野台三丁目,0
沖縄県中頭郡西原町上原二丁目,0
愛媛県松山市北土居二丁目,0
群馬県前橋市前箱田町二丁目,0
福島県いわき市四倉町大森民野町,0
秋田県鹿角市十和田毛馬内赤冗,0
兵庫県神戸市須磨区妙法寺薮中ノ下,0
北海道札幌市北区北三十九条西三丁目,0
北海道札幌市東区北十七条東十四丁目,0
広島県広島市西区商工センター一丁目,0
岩手県盛岡市大ケ生二十五地割,0
兵庫県加古川市別府町新野辺北町一丁目,0
愛知県額田郡幸田町大字久保田社口,0
福岡県北九州市八幡西区穴生三丁目,0
秋田県男鹿市北浦入道崎家ノ上,0
愛知県一宮市萩原町西御堂西赤口,0
北海道千歳市自由ケ丘三丁目,0
三重県名張市つつじが丘北二番町,0
秋田県大館市二井田杉苗出,0
北海道千歳市栄町四丁目,0
福島県二本松市原セ日照田,0
兵庫県神戸市須磨区車宮ノ向,0
愛知県豊川市国府町寒若寺,0
岩手県久慈市小久慈町第五十一地割,0
北海道札幌市手稲区富丘四条五丁目,0
福島県喜多方市熱塩加納町加納鷲田境,0
兵庫県神戸市長田区萩乃町二丁目,0
富山県射水市中太閤山十四丁目,0
北海道標津郡中標津町西一条南四丁目,0
岐阜県可児市若葉台四丁目,0
愛知県西尾市西奥田町四丁目,0
愛知県愛西市藤ケ瀬町東沼,0
秋田県秋田市太平中関二番片貝沢,0
青森県三戸郡階上町蒼前西三丁目,0
山梨県西八代郡市川三郷町山保,0
北海道札幌市豊平区平岸五条八丁目,0
兵庫県宝塚市逆瀬台二丁目,0
北海道旭川市神楽岡二条六丁目,0
宮城県角田市岡土浮,0
新潟県燕市分水旭町三丁目,0
北海道上川郡清水町北一条八丁目,0
岩手県久慈市小久慈町第四十三地割,0
愛知県名古屋市中川区柳島町五丁目,0
岩手県二戸郡一戸町楢山平船,0
福岡県北九州市八幡西区里中一丁目,0
愛知県あま市森二丁目,0
北海道河東郡音更町新通四丁目,0
青森県八戸市大字鮫町山四郎蒔目,0
沖縄県沖縄市胡屋六丁目,0
岩手県胆沢郡金ケ崎町西根石田,0
北海道幌泉郡えりも町字本町,0
宮城県宮城郡松島町手樽中沢,0
北海道網走市南四条東一丁目,0
高知県香美市土佐山田町宝町三丁目,0
北海道札幌市中央区南九条西一丁目,0
北海道上川郡当麻町三条西二丁目,0
熊本県八代市郡築十番町,0
埼玉県戸田市早瀬二丁目,0
愛知県一宮市木曽川町黒田奥屋敷,0
北海道札幌市豊平区月寒東二条二十丁目,0
三重県名張市百合が丘西三番町,0
北海道茅部郡森町字石倉町,0
東京都練馬区光が丘七丁目,0
石川県加賀市大聖寺三ツ町ワ,0
北海道千歳市北陽五丁目,0
福島県白河市旗宿茂ケ崎,0
岩手県遠野市宮守町上鱒沢,0
北海道標津郡中標津町西十条北九丁目,0
石川県加賀市別所町三丁目,0
神奈川県川崎市麻生区細山五丁目,0
栃木県宇都宮市五代一丁目,0
高知県土佐清水市下ノ加江,0
宮城県栗原市築館照越狼ノ穴沢,0
北海道旭川市西神楽三線九号,0
北海道砂川市西六条北十四丁目,0
山形県寒河江市本楯四丁目,0
宮城県黒川郡大和町落合松坂柿ノ木,0
富山県中新川郡上市町中ノ又,0
福岡県北九州市小倉南区葛原東六丁目,0
北海道釧路市音別町海光二丁目,0
石川県七尾市津向町ロ,0
福岡県北九州市小倉南区長尾一丁目,0
宮城県刈田郡蔵王町大字小村崎二本木,0
兵庫県美方郡香美町香住区三谷,0
北海道上川郡新得町本通南二丁目,0
愛知県知多郡武豊町字緑台二丁目,0
愛知県名古屋市瑞穂区中山町一丁目,0
神奈川県川崎市宮前区有馬四丁目,0
愛知県知多郡東浦町大字緒川大薮,0
北海道札幌市手稲区富丘二条五丁目,0
兵庫県尼崎市金楽寺町一丁目,0
岡山県赤磐市桜が丘西三丁目,0
北海道檜山郡江差町字上野町,0
福島県郡山市三穂田町山口西ノ作山,0
北海道釧路市阿寒町上仁々志別三十六線,0
福島県いわき市久之浜町久之浜北荒蒔,0
北海道札幌市東区北十六条東十七丁目,0
岩手県胆沢郡金ケ崎町六原東町,0
福島県相馬郡新地町駒ケ嶺大沢北,0
岩手県花巻市高松第三地割,0
福島県耶麻郡猪苗代町大字山潟四ツヲサ,0
岐阜県各務原市鵜沼川崎町二丁目,0
青森県八戸市大字是川街道端,0
富山県中新川郡立山町寺田ことぶき町,0
兵庫県神戸市長田区菅原通三丁目,0
福島県いわき市常磐藤原町小砂田,0
北海道札幌市清田区北野一条一丁目,0
宮城県刈田郡蔵王町大字平沢南道場,0
宮城県岩沼市押分与奈,0
福岡県北九州市小倉南区上曽根二丁目,0
北海道標津郡中標津町東二十三条北六丁目,0
岐阜県多治見市光ケ丘二丁目,0
北海道上川郡清水町字羽帯南十二線,0
秋田県能代市二ツ井町田代,0
岩手県盛岡市大ケ生二十一地割,0
宮城県仙台市泉区実沢下原東屋敷,0
山形県山形市沼の辺町,0
愛知県名古屋市昭和区天神町一丁目,0
兵庫県三田市けやき台三丁目,0
福島県東白川郡棚倉町大字仁公儀塚田,0
福島県郡山市熱海町安子島上河原,0
北海道士別市東四条十九丁目,0
東京都練馬区大泉学園町三丁目,0
北海道標津郡中標津町西五条南七丁目,0
鹿児島県大島郡瀬戸内町大字押角,0
広島県福山市沖野上町二丁目,0
兵庫県高砂市神爪六丁目,0
秋田県横手市雄物川町沼館昼飯塚,0
愛知県尾張旭市下井町前の上,0
愛媛県松山市今在家一丁目,0
兵庫県南あわじ市八木国分,0
京都府京都市伏見区深草一ノ坪町,0
福岡県福岡市南区皿山一丁目,0
千葉県柏市南逆井三丁目,0
愛知県稲沢市祖父江町拾町野猿尾北,0
兵庫県神戸市北区鈴蘭台南町四丁目,0
兵庫県神戸市東灘区西岡本四丁目,0
北海道札幌市北区北十九条西八丁目,0
北海道石狩市緑苑台東二条一丁目,0
青森県弘前市大字一町田村元,0
北海道旭川市神楽五条二丁目,0
神奈川県川崎市宮前区鷺沼一丁目,0
奈良県五條市田園四丁目,0
愛知県知多郡南知多町大字内海森越,0
北海道札幌市東区北三十七条東五丁目,0
石川県かほく市松浜ホ,0
愛知県西尾市鵜ケ池町中屋敷,0
北海道苫前郡羽幌町南七条四丁目,0
北海道帯広市大通南十四丁目,0
青森県三戸郡田子町字平成田,0
北海道旭川市神楽岡十四条九丁目,0
広島県広島市西区草津東二丁目,0
愛知県名古屋市緑区大高町三番割,0
北海道帯広市西六条北七丁目,0
徳島県美馬郡つるぎ町貞光宮下,0
北海道札幌市手稲区曙二条四丁目,0
愛知県江南市曽本町二子前,0
福島県いわき市植田町館山,0
北海道河西郡中札内村東五条南五丁目,0
岡山県岡山市東区瀬戸町二日市,0
高知県高知市春野町南ケ丘六丁目,0
秋田県大館市根下戸小館花尻,0
徳島県三好市山城町国政,0
神奈川県相模原市緑区相原二丁目,0
愛知県知多市南粕谷新海一丁目,0
愛知県北名古屋市六ツ師北屋敷,0
北海道石狩市花川南一条四丁目,0
大阪府守口市八雲西町四丁目,0
京都府八幡市八幡長田,0
青森県八戸市大字上野大平森,0
福島県西白河郡泉崎村大字関和久瀬知房,0
北海道旭川市南六条通二十一丁目,0
神奈川県茅ヶ崎市本村四丁目,0
岩手県花巻市小瀬川第十三地割,0
北海道旭川市東光二十条八丁目,0
北海道空知郡上富良野町西町一丁目,0
神奈川県横浜市都筑区荏田南五丁目,0
愛知県名古屋市緑区清水山一丁目,0
岩手県岩手郡雫石町南畑第三十地割,0
北海道札幌市東区北四十九条東二丁目,0
京都府京都市山科区竹鼻竹ノ街道町,0
広島県広島市南区宇品海岸二丁目,0
宮城県白石市大平坂谷樋ノ口,0
福島県いわき市薄磯二丁目,0
愛知県名古屋市北区城東町四丁目,0
宮城県角田市佐倉諏訪脇北,0
北海道札幌市厚別区厚別北一条三丁目,0
愛知県豊橋市佐藤二丁目,0
岩手県紫波郡紫波町片寄久保田前,0
神奈川県相模原市中央区矢部二丁目,0
愛知県みよし市福谷町宮ノ前,0
北海道上川郡東川町西町二丁目,0
秋田県由利本荘市葛法砂吐,0
埼玉県八潮市大字伊勢野,0
北海道留萌市見晴町三丁目,0
奈良県橿原市南八木町二丁目,0
三重県桑名市多度町美鹿,0
愛知県一宮市木曽川町黒田勘治西,0
北海道札幌市豊平区平岸四条九丁目,0
兵庫県川西市けやき坂三丁目,0
秋田県秋田市四ツ小屋小阿地上野,0
福島県いわき市江名寺作,0
千葉県浦安市東野二丁目,0
愛知県岩倉市八剱町赤山,0
青森県八戸市桔梗野工業団地一丁目,0
神奈川県横浜市鶴見区上末吉四丁目,0
北海道厚岸郡厚岸町奔渡二丁目,0
山形県東根市若木二条通り,0
愛媛県西条市小松町南川御手洗,0
兵庫県朝来市和田山町比治庄ノ前,0
愛知県春日井市上条町四丁目,0
愛知県丹羽郡扶桑町大字柏森乙寺裏,0
青森県八戸市南白山台一丁目,0
埼玉県鴻巣市三町免,0
愛知県愛知郡東郷町大字春木南岡ノ上,0
鹿児島県奄美市住用町大字見里,0
東京都文京区後楽二丁目,0
宮城県黒川郡大和町吉田童子沢,0
大阪府豊中市清風荘二丁目,0
千葉県柏市みどり台二丁目,0
愛知県額田郡幸田町大字大草八ツ面,0
北海道北広島市山手町五丁目,0
兵庫県神戸市西区美賀多台六丁目,0
兵庫県川西市多田院敦盛,0
宮城県仙台市宮城野区鶴ケ谷五丁目,0
北海道石狩市花川北一条六丁目,0
愛知県刈谷市小山町三丁目,0
福島県双葉郡大熊町大字熊錦台,0
神奈川県厚木市毛利台一丁目,0
高知県高岡郡檮原町本も谷,0
愛知県丹羽郡大口町大字小口宮之前,0
秋田県にかほ市芹田家ノ後,0
神奈川県横須賀市久里浜台二丁目,0
青森県八戸市大字妙,0
兵庫県神戸市兵庫区夢野町三丁目,0
埼玉県春日部市備後東五丁目,0
北海道札幌市南区真駒内本町七丁目,0
北海道夕張郡栗山町松風三丁目,0
宮城県宮城郡七ヶ浜町吉田浜台,0
愛知県名古屋市中川区北江町二丁目,0
京都府船井郡京丹波町富田タカヤ,0
石川県白山市明島町ウ,0
奈良県五條市野原中一丁目,0
秋田県能代市吹越下悪戸,0
北海道札幌市手稲区新発寒二条四丁目,0
愛知県知多郡美浜町大字野間南高峠,0
愛知県碧南市小屋下町一丁目,0
青森県三戸郡階上町大字金山沢新田,0
兵庫県朝来市和田山町竹田外川原,0
福島県伊達郡桑折町大字北半田御免町,0
福島県伊達郡川俣町大字東福沢六百田,0
北海道帯広市西六条北一丁目,0
島根県隠岐郡隠岐の島町西町名田の五,0
愛知県名古屋市中川区松葉町二丁目,0
北海道網走市南四条西一丁目,0
岩手県宮古市崎鍬ヶ崎第七地割,0
岩手県北上市和賀町煤孫十二地割,0
愛知県常滑市蒲池町五丁目,0
山口県周南市桜馬場通三丁目,0
兵庫県伊丹市奥畑一丁目,0
北海道標津郡標津町南二条西五丁目,0
宮城県柴田郡柴田町船岡土手内一丁目,0
北海道帯広市西二十二条北五丁目,0
北海道札幌市豊平区月寒東五条十五丁目,0
北海道上川郡当麻町北星三区,0
北海道旭川市豊岡二条七丁目,0
岐阜県郡上市八幡町肴町,0
埼玉県川口市鳩ヶ谷本町二丁目,0
愛知県一宮市三条西蛭子,0
愛知県蒲郡市三谷町東三丁目,0
京都府京都市左京区松ケ崎井出ケ鼻町,0
埼玉県草加市新栄一丁目,0
愛知県一宮市千秋町浅野羽根南斉宮寺,0
秋田県横手市平鹿町中吉田和村東,0
奈良県五條市野原西四丁目,0
北海道士別市東八条北四丁目,0
福島県東白川郡棚倉町大字流豊先,0
愛知県名古屋市昭和区菊園町四丁目,0
岩手県奥州市前沢北久保,0
宮城県柴田郡大河原町福田米蔵,0
愛知県刈谷市逢妻町五丁目,0
福島県双葉郡浪江町大字大堀板木,0
石川県小松市日末町そ,0
愛知県豊橋市神野新田町サノ割,0
北海道札幌市中央区南五条西五丁目,0
山梨県北杜市長坂町大井ヶ森,0
福島県河沼郡会津坂下町大字坂本家ノ下丁,0
北海道苫小牧市三光町六丁目,0
山形県寒河江市大字寒河江樋ノ口,0
愛知県西尾市一色町治明北通縄,0
福島県郡山市片平町サラメキ,0
青森県五所川原市大字飯詰,0
奈良県吉野郡天川村大字沖金,0
北海道上川郡清水町字旭山西一号,0
徳島県三好市池田町ヤサン,0
北海道帯広市西十二条南九丁目,0
愛知県弥富市鳥ケ地一丁目,0
秋田県秋田市河辺戸島三嶽,0
北海道中川郡美深町東一条南八丁目,0
福島県本宮市糠沢二斗内,0
山形県尾花沢市大字六沢,0
福島県いわき市小名浜大原軽井崎,0
神奈川県相模原市中央区由野台三丁目,0
北海道札幌市清田区平岡九条三丁目,0
愛媛県今治市波止浜一丁目,0
北海道札幌市北区太平六条四丁目,0
北海道砂川市西五条北六丁目,0
青森県三戸郡五戸町大字浅水佐野,0
愛知県稲沢市梅須賀町東切,0
宮城県遠田郡美里町牛飼阿弥陀,0
福島県いわき市勿来町窪田内城,0
北海道石狩市親船東一条一丁目,0
岩手県紫波郡紫波町大巻花立,0
岩手県北上市下鬼柳四地割,0
秋田県横手市十文字町越前大堰端,0
兵庫県朝来市和田山町殿長田,0
福島県西白河郡西郷村大字真船カロウト,0
愛知県西尾市一色町味浜成輪,0
北海道天塩郡豊富町字豊富東四条五丁目,0
福島県いわき市小名浜後宿,0
岐阜県郡上市八幡町五町四丁目,0
福島県耶麻郡猪苗代町大字若宮東道北甲,0
兵庫県神戸市須磨区飛松町四丁目,0
愛知県新城市八名井西川原,0
福島県伊達郡桑折町大字北半田西ノ内,0
秋田県鹿角市花輪百合沢,0
三重県桑名市筒尾六丁目,0
北海道旭川市神楽四条九丁目,0
愛知県知多郡南知多町大字内海中浜,0
愛知県あま市七宝町沖之島九之坪,0
福島県郡山市三穂田町八幡兵次郎,0
岩手県北上市和賀町煤孫十六地割,0
福島県いわき市平中平窪桂進,0
愛知県安城市城ヶ入町荒子,0
北海道旭川市九条通二十二丁目,0
愛知県知多郡阿久比町大字草木草石根,0
岩手県胆沢郡金ケ崎町西根小針山,0
北海道白糠郡白糠町東三条北十一丁目,0
福島県郡山市田村町上行合宮耕地,0
愛知県知多市佐布里西之脇,0
岩手県大船渡市立根町寒風,0
京都府宇治市琵琶台三丁目,0
兵庫県朝来市和田山町東谷妙見谷,0
埼玉県越谷市越ヶ谷五丁目,0
愛知県刈谷市港町七丁目,0
愛知県丹羽郡大口町丸一丁目,0
北海道紋別郡興部町字興部春日町,0
愛知県知多郡南知多町大字大井丘ノ下,0
北海道士別市東四条北四丁目,0
愛知県豊橋市賀茂町塞神,0
奈良県生駒郡斑鳩町興留二丁目,0
愛知県岡崎市中町東丸根,0
石川県能美市末信町ホ,0
秋田県横手市増田町亀田柳原,0
宮城県亘理郡山元町高瀬北中須賀,0
石川県珠洲市上戸町寺社ハ,0
愛知県一宮市千秋町一色屋敷地,0
北海道網走市駒場南三丁目,0
北海道岩見沢市七条東三丁目,0
北海道石狩市花川東一条三丁目,0
奈良県奈良市六条西三丁目,0
福島県相馬郡新地町大字福田一ツ滝,0
岩手県宮古市八木沢三丁目,0
宮城県伊具郡丸森町舘矢間松掛窪田,0
兵庫県朝来市和田山町竹田川原町,0
北海道北見市北八条西一丁目,0
北海道旭川市豊岡一条七丁目,0
北海道雨竜郡沼田町本通五丁目,0
広島県世羅郡世羅町大字小国,0
愛知県一宮市今伊勢町宮後壱丁野,0
兵庫県神戸市中央区栄町通七丁目,0
兵庫県神戸市北区有野台三丁目,0
沖縄県中頭郡西原町上原二丁目,0
愛媛県松山市北土居二丁目,0
群馬県前橋市前箱田町二丁目,0
福島県いわき市四倉町大森民野町,0
秋田県鹿角市十和田毛馬内赤冗,0
兵庫県神戸市須磨区妙法寺薮中ノ下,0
北海道札幌市北区北三十九条西三丁目,0
北海道札幌市東区北十七条東十四丁目,0
広島県広島市西区商工センター一丁目,0
岩手県盛岡市大ケ生二十五地割,0
兵庫県加古川市別府町新野辺北町一丁目,0
愛知県額田郡幸田町大字久保田社口,0
福岡県北九州市八幡西区穴生三丁目,0
愛知県一宮市萩原町西御堂西赤口,0
北海道千歳市自由ケ丘三丁目,0
三重県名張市つつじが丘北二番町,0
秋田県大館市二井田杉苗出,0
北海道千歳市栄町四丁目,0
福島県二本松市原セ日照田,0
兵庫県神戸市須磨区車宮ノ向,0
愛知県豊川市国府町寒若寺,0
岩手県久慈市小久慈町第五十一地割,0
北海道札幌市手稲区富丘四条五丁目,0
福島県喜多方市熱塩加納町加納鷲田境,0
兵庫県神戸市長田区萩乃町二丁目,0
富山県射水市中太閤山十四丁目,0
北海道標津郡中標津町西一条南四丁目,0
岐阜県可児市若葉台四丁目,0
愛知県西尾市西奥田町四丁目,0
愛知県愛西市藤ケ瀬町東沼,0
兵庫県三木市口吉川町槇,0
秋田県秋田市太平中関二番片貝沢,0
青森県三戸郡階上町蒼前西三丁目,0
山梨県西八代郡市川三郷町山保,0
北海道札幌市豊平区平岸五条八丁目,0
兵庫県宝塚市逆瀬台二丁目,0
北海道旭川市神楽岡二条六丁目,0
宮城県角田市岡土浮,0
新潟県燕市分水旭町三丁目,0
北海道上川郡清水町北一条八丁目,0
岩手県久慈市小久慈町第四十三地割,0
愛知県名古屋市中川区柳島町五丁目,0
岩手県二戸郡一戸町楢山平船,0
福岡県北九州市八幡西区里中一丁目,0
青森県八戸市大字鮫町山四郎蒔目,0
沖縄県沖縄市胡屋六丁目,0
岩手県胆沢郡金ケ崎町西根石田,0
北海道幌泉郡えりも町字本町,0
宮城県宮城郡松島町手樽中沢,0
北海道網走市南四条東一丁目,0
高知県香美市土佐山田町宝町三丁目,0
北海道札幌市中央区南九条西一丁目,0
北海道上川郡当麻町三条西二丁目,0
熊本県八代市郡築十番町,0
埼玉県戸田市早瀬二丁目,0
愛知県一宮市木曽川町黒田奥屋敷,0
北海道札幌市豊平区月寒東二条二十丁目,0
三重県名張市百合が丘西三番町,0
北海道茅部郡森町字石倉町,0
東京都練馬区光が丘七丁目,0
石川県加賀市大聖寺三ツ町ワ,0
北海道千歳市北陽五丁目,0
福島県白河市旗宿茂ケ崎,0
北海道標津郡中標津町西十条北九丁目,0
石川県加賀市別所町三丁目,0
神奈川県川崎市麻生区細山五丁目,0
栃木県宇都宮市五代一丁目,0
宮城県栗原市築館照越狼ノ穴沢,0
北海道旭川市西神楽三線九号,0
北海道砂川市西六条北十四丁目,0
山形県寒河江市本楯四丁目,0
宮城県黒川郡大和町落合松坂柿ノ木,0
富山県中新川郡上市町中ノ又,0
福岡県北九州市小倉南区葛原東六丁目,0
北海道釧路市音別町海光二丁目,0
石川県七尾市津向町ロ,0
青森県三沢市東岡三沢一丁目,0
福岡県北九州市小倉南区長尾一丁目,0
宮城県刈田郡蔵王町大字小村崎二本木,0
兵庫県美方郡香美町香住区三谷,0
北海道上川郡新得町本通南二丁目,0
愛知県知多郡武豊町字緑台二丁目,0
愛知県名古屋市瑞穂区中山町一丁目,0
埼玉県越谷市弥栄町四丁目,0
神奈川県川崎市宮前区有馬四丁目,0
愛知県知多郡東浦町大字緒川大薮,0
北海道札幌市手稲区富丘二条五丁目,0
兵庫県尼崎市金楽寺町一丁目,0
北海道檜山郡江差町字上野町,0
福島県郡山市三穂田町山口西ノ作山,0
北海道釧路市阿寒町上仁々志別三十六線,0
福島県いわき市久之浜町久之浜北荒蒔,0
北海道札幌市東区北十六条東十七丁目,0
岩手県胆沢郡金ケ崎町六原東町,0
福島県相馬郡新地町駒ケ嶺大沢北,0
岩手県花巻市高松第三地割,0
福島県耶麻郡猪苗代町大字山潟四ツヲサ,0
岐阜県各務原市鵜沼川崎町二丁目,0
青森県八戸市大字是川街道端,0
富山県中新川郡立山町寺田ことぶき町,0
兵庫県神戸市長田区菅原通三丁目,0
福島県いわき市常磐藤原町小砂田,0
北海道札幌市清田区北野一条一丁目,0
宮城県刈田郡蔵王町大字平沢南道場,0
宮城県岩沼市押分与奈,0
福岡県北九州市小倉南区上曽根二丁目,0
北海道標津郡中標津町東二十三条北六丁目,0
岐阜県多治見市光ケ丘二丁目,0
北海道上川郡清水町字羽帯南十二線,0
秋田県能代市二ツ井町田代,0
岩手県盛岡市大ケ生二十一地割,0
愛知県一宮市開明郷中,0
宮城県仙台市泉区実沢下原東屋敷,0
愛知県名古屋市昭和区天神町一丁目,0
兵庫県三田市けやき台三丁目,0
福島県東白川郡棚倉町大字仁公儀塚田,0
福島県郡山市熱海町安子島上河原,0
北海道士別市東四条十九丁目,0
東京都練馬区大泉学園町三丁目,0
北海道標津郡中標津町西五条南七丁目,0
千葉県船橋市飯山満町三丁目,0
鹿児島県大島郡瀬戸内町大字押角,0
広島県福山市沖野上町二丁目,0
兵庫県高砂市神爪六丁目,0
秋田県横手市雄物川町沼館昼飯塚,0
愛媛県松山市今在家一丁目,0
兵庫県南あわじ市八木国分,0
京都府京都市伏見区深草一ノ坪町,0
福岡県福岡市南区皿山一丁目,0
千葉県柏市南逆井三丁目,0
愛知県稲沢市祖父江町拾町野猿尾北,0
兵庫県神戸市北区鈴蘭台南町四丁目,0
兵庫県神戸市東灘区西岡本四丁目,0
北海道札幌市北区北十九条西八丁目,0
北海道石狩市緑苑台東二条一丁目,0
青森県弘前市大字一町田村元,0
北海道旭川市神楽五条二丁目,0
神奈川県川崎市宮前区鷺沼一丁目,0
奈良県五條市田園四丁目,0
愛知県知多郡南知多町大字内海森越,0
北海道札幌市東区北三十七条東五丁目,0
石川県かほく市松浜ホ,0
愛知県西尾市鵜ケ池町中屋敷,0
北海道苫前郡羽幌町南七条四丁目,0
北海道帯広市大通南十四丁目,0
青森県三戸郡田子町字平成田,0
鹿児島県薩摩郡さつま町西新町,0
北海道旭川市神楽岡十四条九丁目,0
広島県広島市西区草津東二丁目,0
愛知県名古屋市緑区大高町三番割,0
北海道帯広市西六条北七丁目,0
徳島県美馬郡つるぎ町貞光宮下,0
北海道札幌市手稲区曙二条四丁目,0
愛知県江南市曽本町二子前,0
福島県いわき市植田町館山,0
北海道河西郡中札内村東五条南五丁目,0
愛知県あま市下萱津宝,0
高知県高知市春野町南ケ丘六丁目,0
秋田県大館市根下戸小館花尻,0
徳島県三好市山城町国政,0
神奈川県相模原市緑区相原二丁目,0
愛知県知多市南粕谷新海一丁目,0
愛知県北名古屋市六ツ師北屋敷,0
北海道石狩市花川南一条四丁目,0
大阪府守口市八雲西町四丁目,0
京都府八幡市八幡長田,0
福島県西白河郡泉崎村大字関和久瀬知房,0
北海道旭川市南六条通二十一丁目,0
神奈川県茅ヶ崎市本村四丁目,0
岩手県花巻市小瀬川第十三地割,0
北海道旭川市東光二十条八丁目,0
北海道空知郡上富良野町西町一丁目,0
神奈川県横浜市都筑区荏田南五丁目,0
愛知県名古屋市緑区清水山一丁目,0
岩手県岩手郡雫石町南畑第三十地割,0
北海道札幌市東区北四十九条東二丁目,0
愛知県一宮市柚木颪郷中,0
広島県広島市南区宇品海岸二丁目,0
沖縄県那覇市首里崎山町一丁目,0
宮城県白石市大平坂谷樋ノ口,0
福島県いわき市薄磯二丁目,0
愛知県一宮市大毛高木,0
愛知県名古屋市北区城東町四丁目,0
宮城県角田市佐倉諏訪脇北,0
北海道札幌市厚別区厚別北一条三丁目,0
愛知県豊橋市佐藤二丁目,0
岩手県紫波郡紫波町片寄久保田前,0
神奈川県相模原市中央区矢部二丁目,0
福岡県北九州市小倉北区須賀町,0
愛知県みよし市福谷町宮ノ前,0
秋田県由利本荘市葛法砂吐,0
埼玉県八潮市大字伊勢野,0
北海道留萌市見晴町三丁目,0
奈良県橿原市南八木町二丁目,0
三重県桑名市多度町美鹿,0
愛知県一宮市木曽川町黒田勘治西,0
北海道札幌市豊平区平岸四条九丁目,0
兵庫県川西市けやき坂三丁目,0
秋田県秋田市四ツ小屋小阿地上野,0
福島県いわき市江名寺作,0
千葉県浦安市東野二丁目,0
愛知県岩倉市八剱町赤山,0
青森県八戸市桔梗野工業団地一丁目,0
神奈川県横浜市鶴見区上末吉四丁目,0
北海道厚岸郡厚岸町奔渡二丁目,0
山形県東根市若木二条通り,0
愛媛県西条市小松町南川御手洗,0
兵庫県朝来市和田山町比治庄ノ前,0
愛知県春日井市上条町四丁目,0
愛知県丹羽郡扶桑町大字柏森乙寺裏,0
青森県八戸市南白山台一丁目,0
愛知県愛知郡東郷町大字春木南岡ノ上,0
鹿児島県奄美市住用町大字見里,0
東京都文京区後楽二丁目,0
宮城県黒川郡大和町吉田童子沢,0
大阪府豊中市清風荘二丁目,0
千葉県柏市みどり台二丁目,0
愛知県額田郡幸田町大字大草八ツ面,0
北海道北広島市山手町五丁目,0
兵庫県神戸市西区美賀多台六丁目,0
兵庫県川西市多田院敦盛,0
宮城県仙台市宮城野区鶴ケ谷五丁目,0
北海道石狩市花川北一条六丁目,0
愛知県刈谷市小山町三丁目,0
福島県双葉郡大熊町大字熊錦台,0
神奈川県厚木市毛利台一丁目,0
愛知県丹羽郡大口町大字小口宮之前,0
秋田県にかほ市芹田家ノ後,0
神奈川県横須賀市久里浜台二丁目,0
青森県八戸市大字妙,0
兵庫県神戸市兵庫区夢野町三丁目,0
埼玉県春日部市備後東五丁目,0
北海道札幌市南区真駒内本町七丁目,0
北海道夕張郡栗山町松風三丁目,0
宮城県宮城郡七ヶ浜町吉田浜台,0
愛知県名古屋市中川区北江町二丁目,0
京都府船井郡京丹波町富田タカヤ,0
石川県白山市明島町ウ,0
奈良県五條市野原中一丁目,0
秋田県能代市吹越下悪戸,0
北海道札幌市手稲区新発寒二条四丁目,0
愛知県知多郡美浜町大字野間南高峠,0
愛知県碧南市小屋下町一丁目,0
青森県三戸郡階上町大字金山沢新田,0
兵庫県朝来市和田山町竹田外川原,0
福島県伊達郡桑折町大字北半田御免町,0
北海道札幌市北区百合が原四丁目,0
福島県伊達郡川俣町大字東福沢六百田,0
北海道帯広市西六条北一丁目,0
島根県隠岐郡隠岐の島町西町名田の五,0
愛知県名古屋市中川区松葉町二丁目,0
北海道網走市南四条西一丁目,0
岩手県宮古市崎鍬ヶ崎第七地割,0
岩手県北上市和賀町煤孫十二地割,0
愛知県常滑市蒲池町五丁目,0
山口県周南市桜馬場通三丁目,0
兵庫県伊丹市奥畑一丁目,0
北海道標津郡標津町南二条西五丁目,0
宮城県柴田郡柴田町船岡土手内一丁目,0
北海道帯広市西二十二条北五丁目,0
北海道札幌市豊平区月寒東五条十五丁目,0
北海道上川郡当麻町北星三区,0
北海道旭川市豊岡二条七丁目,0
岐阜県郡上市八幡町肴町,0
埼玉県川口市鳩ヶ谷本町二丁目,0
愛知県一宮市三条西蛭子,0
愛知県蒲郡市三谷町東三丁目,0
埼玉県草加市新栄一丁目,0
愛知県一宮市千秋町浅野羽根南斉宮寺,0
秋田県横手市平鹿町中吉田和村東,0
奈良県五條市野原西四丁目,0
北海道士別市東八条北四丁目,0
福島県東白川郡棚倉町大字流豊先,0
愛知県名古屋市昭和区菊園町四丁目,0
岩手県奥州市前沢北久保,0
宮城県柴田郡大河原町福田米蔵,0
岩手県二戸市仁左平小山,0
愛知県刈谷市逢妻町五丁目,0
福島県双葉郡浪江町大字大堀板木,0
石川県小松市日末町そ,0
愛知県豊橋市神野新田町サノ割,0
北海道札幌市中央区南五条西五丁目,0
山梨県北杜市長坂町大井ヶ森,0
福島県河沼郡会津坂下町大字坂本家ノ下丁,0
愛知県一宮市開明北屋敷,0
北海道苫小牧市三光町六丁目,0
山形県寒河江市大字寒河江樋ノ口,0
愛知県西尾市一色町治明北通縄,0
福島県郡山市片平町サラメキ,0
奈良県吉野郡天川村大字沖金,0
北海道上川郡清水町字旭山西一号,0
徳島県三好市池田町ヤサン,0
北海道帯広市西十二条南九丁目,0
愛知県弥富市鳥ケ地一丁目,0
秋田県秋田市河辺戸島三嶽,0
北海道中川郡美深町東一条南八丁目,0
福島県本宮市糠沢二斗内,0
山形県尾花沢市大字六沢,0
福島県いわき市小名浜大原軽井崎,0
神奈川県相模原市中央区由野台三丁目,0
北海道札幌市清田区平岡九条三丁目,0
愛媛県今治市波止浜一丁目,0
北海道札幌市北区太平六条四丁目,0
北海道砂川市西五条北六丁目,0
青森県三戸郡五戸町大字浅水佐野,0
愛知県稲沢市梅須賀町東切,0
宮城県遠田郡美里町牛飼阿弥陀,0
福島県いわき市勿来町窪田内城,0
北海道石狩市親船東一条一丁目,0
岩手県紫波郡紫波町大巻花立,0
岩手県北上市下鬼柳四地割,0
秋田県横手市十文字町越前大堰端,0
兵庫県朝来市和田山町殿長田,0
福島県西白河郡西郷村大字真船カロウト,0
愛知県西尾市一色町味浜成輪,0
北海道天塩郡豊富町字豊富東四条五丁目,0
福島県いわき市小名浜後宿,0
岐阜県郡上市八幡町五町四丁目,0
福島県耶麻郡猪苗代町大字若宮東道北甲,0
兵庫県神戸市須磨区飛松町四丁目,0
